ID,id_unit,id_category,code,name,description,price,stock_quantity,expired
1,,,1,IMODIUM,,11500,0,
2,,,2,Gentamicin E0,,37550,0,
3,,,3,Cendo vital Tab,,2475,0,
4,,,4,Cendrid,,18288,0,
5,,,5,Convers,,16646,0,
6,,,6,Metil prednisolon 4 mg d,,361,0,
7,,,7,efrisel 10% btl,,16928,0,
8,,,8,Glaucon Tab,,4007,0,
9,,,9,Glaoplus,,98972,0,
10,,,10,Glaopen,,93165,0,
11,,,11,Hervis EO,,37938,0,
12,,,12,Hyalub,,58841,0,
13,,,13,Lentikular,,34323,0,
14,,,14,Lubricen,,41808,0,
15,,,15,lyter md a,,3760,0,
16,,,16,Mydriatil 1 % btl,,39485,0,
17,,,17,Noncort Strip,,43614,0,
18,,,18,Oculenta VED,,65938,0,
19,,,19,P-Pred Strip,,39485,0,
20,,,20,Pantocain 2%,,13677,0,
21,,,21,Pithalmic Ved,,71486,0,
22,,,22,Polygran,,18065,0,
23,,,23,Polygran EO,,19098,0,
24,,,24,Polypred STRIP,,17936,0,
25,,,25,Posop strip,,54196,0,
26,,,26,ProtagentA STRIP,,37034,0,
27,,,27,Noncort MD a,,8722,0,
28,,,28,Caladin Cair,,27000,0,
29,,,29,Tobro ED,,19742,0,
30,,,30,Tobroson ed,,29937,0,
31,,,31,Tropine 1% STRIP,,16517,0,
32,,,32,Ulcori ed,,20259,0,
33,,,33,Vasacon ED,,14323,0,
34,,,34,Vosama ED,,19388,0,
35,,,35,Xitrol STRIP,,25163,0,
36,,,36,Xitrol EO,,37034,0,
37,,,37,Flamergi btl,,16084,0,
38,,,38,Sanbe Hyaloph,,44031,0,
39,,,39,Polidemicin,,19389,0,
40,,,40,Retivit plus,,8103,0,
41,,,41,Amoxan 500 mg,,3663,0,
42,,,42,Amoxycillin dry syr d,,9435,0,
43,,,43,Becom Z,,2310,0,
44,,,44,Mefinal,,1392,0,
45,,,45,Neurosanbe Plus Tab,,1388,0,
46,,,46,Sanmol Syrup,,17760,0,
47,,,47,Polydex MD a,,5471,0,
48,,,48,Valisanbe 5 mg,,429,0,
49,,,49,simarc,,6306,0,
50,,,50,Digoxcin,,520,0,
51,,,51,Navitae ED,,167888,0,
52,,,52,RG-Colin Syrup,,164280,0,
53,,,53,RG-Colin Tab,,22644,0,
54,,,54,Aclam Tab,,14300,0,
55,,,55,Lameson 4 mg,,3740,0,
56,,,56,Lameson 8 mg,,6050,0,
57,,,57,Lameson 16 mg,,9240,0,
58,,,58,Lapibal,,2475,0,
59,,,59,Lapiflox,,14340,0,
60,,,60,ASAM FOLAT Tab,,300,0,
61,,,61,cerini Syrup,,55601,0,
62,,,62,GLOPAC MD,,37576,0,
63,,,63,Alegysal,,83496,0,
64,,,64,Hialid ED,,92288,0,
65,,,65,Optimax Syrup,,70400,0,
66,,,66,Optimax Tab,,6111,0,
67,,,67,SICLIDON,,5940,0,
68,,,68,Tarivid ED,,33300,0,
69,,,69,Acyclovir Tab 400 mg,,888,0,
70,,,70,Ambroxol Tab,,211,0,
71,,,71,Amoxycillin 500 mg,,677,0,
72,,,72,Amoxycillin dry syr,,9435,0,
73,,,73,Asam askorbat( VIT C),,164,0,
74,,,74,Asam Mefenamat Tab,,322,0,
75,,,75,lub,,53280,0,
76,,,76,Candesartan 16 mg,,7150,0,
77,,,77,Captopril 25 mg,,144,0,
78,,,78,Cefadroxyl SYR,,11100,0,
79,,,79,Cefixime 100 mg,,1610,0,
80,,,80,Cetirizine 10 mg,,333,0,
81,,,81,Citicoline Tab 500 mg,,6966,0,
82,,,82,Domperidone 10 mg,,404,0,
83,,,83,Doxycycline Cap,,345,0,
84,,,84,Kalnex,,3904,0,
85,,,85,HCT,,156,0,
86,,,86,Potassium Diklofenak 50 mg,,722,0,
87,,,87,Metformin Tab,,305,0,
88,,,88,metil prednisolon 4mg,,361,0,
89,,,89,Metil Prednisolon 16 mg,,1332,0,
90,,,90,Na Diklofenak 50 mg (d),,344,0,
91,,,91,Nifedipine 10 mg,,158,0,
92,,,92,Pyrazinamid 500 mg,,234,0,
93,,,93,Rifampicin 300 mg,,535,0,
94,,,94,Tramadol Tab,,356,0,
95,,,95,Vit K injk,,12100,0,
96,,,96,Alphagan P ED,,435000,0,
97,,,97,Aspar K,,3320,0,
98,,,98,Azagra ED,,350900,0,
99,,,99,Duotrav ED,,418000,0,
100,,,100,Interhistine,,1155,0,
101,,,101,KSR Tab,,4674,0,
102,,,102,Nonflamin,,4704,0,
103,,,103,Nuvision Tab,,4950,0,
104,,,104,Pred Forte ED,,155000,0,
105,,,105,,,220,0,
106,,,106,Stugeron Tab,,3188,0,
107,,,107,Mylanta,,15000,0,
108,,,108,Arcaline 5 ml,,2062500,0,
109,,,109,Arciolane 1300 10 ml,,2247750,0,
110,,,110,"Polypropylene Blue 10,0",,275000,0,
111,,,111,Catgut chromic 3-0,,56100,0,
112,,,112,Coated Vicryl 4-0,,82665,0,
113,,,113,Coated Vicryl 8-0,,255536,0,
114,,,114,Mersilen 4-0,,317424,0,
115,,,115,Mersilk 3/0,,47661,0,
116,,,116,Nylon 10-0,,204795,0,
117,,,117,Prolene Blue 5-0,,137063,0,
118,,,118,Surgipro 2/0,,79200,0,
119,,,119,Surgipro 5/0,,93500,0,
120,,,120,Surgipro 7/0,,159500,0,
121,,,121,Appavisc 2 ml,,82500,0,
122,,,122,Eye Drape MMA,,35000,0,
123,,,123,Prolene Blue 7-0,,331419,0,
124,,,124,Malyugin Ring AFINA,,2880034,0,
125,,,125,Mio-Chol,,50000,0,
126,,,126,Nano Ring CTR,,500000,0,
127,,,127,Optima CTR,,227547,0,
128,,,128,LFX md,,14246,0,
129,,,129,"Superflex Aspheric P 09,5",,1980000,0,
130,,,130,"Superflex Aspheric P 10,0",,2233000,0,
131,,,131,"Superflex Aspheric P 10,5",,1980000,0,
132,,,132,"Superflex Aspheric P 11,0",,1650000,0,
133,,,133,"Superflex Aspheric P 11,5",,1980000,0,
134,,,134,"Superflex Aspheric P 12,0",,1980000,0,
135,,,135,"Superflex Aspheric P 12,5",,2233000,0,
136,,,136,"Superflex Aspheric P 13,0",,1650000,0,
137,,,137,"Superflex Aspheric P 13,5",,1980000,0,
138,,,138,"Superflex Aspheric P 14,0",,1650000,0,
139,,,139,"Superflex Aspheric P 14,5",,1980000,0,
140,,,140,"Superflex Aspheric P 15,0",,1760000,0,
141,,,141,"Superflex Aspheric P 15,5",,1540000,0,
142,,,142,"Superflex Aspheric P 16,0",,1540000,0,
143,,,143,"Superflex Aspheric P 17,0",,1540000,0,
144,,,144,"Superflex Aspheric P 17,5",,1540000,0,
145,,,145,C-Flex Aspheric P 14.5,,832500,0,
146,,,146,"C-Flex Aspheric P 17,5",,1760000,0,
147,,,147,"C-Flex Aspheric P 18,0",,1540000,0,
148,,,148,"C-Flex Aspheric P 18,5",,1540000,0,
149,,,149,"C-Flex Aspheric P 19,0",,1540000,0,
150,,,150,"C-Flex Aspheric P 19,5",,1540000,0,
151,,,151,"C-Flex Aspheric P 20,0",,1540000,0,
152,,,152,"C-Flex Aspheric P 20,5",,1540000,0,
153,,,153,"C-Flex Aspheric P 21,0",,1540000,0,
154,,,154,"C-Flex Aspheric P 21,5",,1540000,0,
155,,,155,"C-Flex Aspheric P 22,0",,1540000,0,
156,,,156,"C-Flex Aspheric P 22,5",,1980000,0,
157,,,157,"C-Flex Aspheric P 23,0",,1540000,0,
158,,,158,"C-Flex Aspheric P 23,5",,1980000,0,
159,,,159,"C-Flex Aspheric P 24,0",,1980000,0,
160,,,160,"C-Flex Aspheric P 24,5",,1925000,0,
161,,,161,"C-Flex Aspheric P 25,0",,1650000,0,
162,,,162,"C-Flex + 18,0 non aspheric",,924000,0,
163,,,163,"C-Flex + 18,5 non aspheric",,924000,0,
164,,,164,"C-Flex + 19,0 non aspheric",,924000,0,
165,,,165,"C-Flex + 19,5 non aspheric",,924000,0,
166,,,166,"C-Flex + 20,0 non aspheric",,924000,0,
167,,,167,"C-Flex + 20,5 non aspheric",,924000,0,
168,,,168,"C-Flex + 21,0 non aspheric",,924000,0,
169,,,169,"C-Flex + 21,5 non aspheric",,924000,0,
170,,,170,,,1375000,0,
171,,,171,,,1,0,
172,,,172,"C-Flex + 23,0 non aspheric",,924000,0,
173,,,173,"C-Flex + 24,0 non aspheric",,924000,0,
174,,,174,"C-Flex + 25,0 non aspheric",,924000,0,
175,,,175,"SENSAR ARAOE P 5,50",,1200000,0,
176,,,176,"SENSAR AABOO P 6,00",,1000000,0,
177,,,177,Texel Fold 22,,320000,0,
178,,,178,"Texel Fold 22,5",,320000,0,
179,,,179,Texel Fold 23,,320000,0,
180,,,180,"Texel Fold 23,5",,320000,0,
181,,,181,"Texel Fold 24,5",,320000,0,
182,,,182,"Swiss Fold 1,0",,313500,0,
183,,,183,"Swiss Fold 2,0",,313500,0,
184,,,184,"Swiss Fold 3,0",,313500,0,
185,,,185,"Swiss Fold 4,0",,313500,0,
186,,,186,"Swiss Fold 5,0",,313500,0,
187,,,187,"Swiss Fold 6,0",,313500,0,
188,,,188,"Swiss Fold 7,0",,313500,0,
189,,,189,"Swiss Fold 8,0",,313500,0,
190,,,190,"Swiss Fold 8,5",,313500,0,
191,,,191,"Swiss Fold 9,0",,313500,0,
192,,,192,"Swiss Fold 10,0",,313500,0,
193,,,193,"Swiss Fold 10,50",,313500,0,
194,,,194,"Swiss Fold 11,0",,313500,0,
195,,,195,"Swiss Fold 12,0",,313500,0,
196,,,196,"Swiss Fold 12,50",,313500,0,
197,,,197,"Swiss Fold 13,5",,313500,0,
198,,,198,"Swiss Fold 13,0",,313500,0,
199,,,199,"Swiss Fold 14,5",,313500,0,
200,,,200,"Swiss Fold 14,0",,313500,0,
201,,,201,"Swiss Fold 15,0",,313500,0,
202,,,202,"Swiss Fold 15,50",,313500,0,
203,,,203,"Swiss Fold 16,0",,313500,0,
204,,,204,"Swiss Fold 16,5",,313500,0,
205,,,205,"Swiss Fold 17,0",,313500,0,
206,,,206,"Swiss Fold 17,5",,313500,0,
207,,,207,"Swiss Fold 18,0",,313500,0,
208,,,208,"Swiss Fold 18,5",,313500,0,
209,,,209,"Swiss Fold 19,0",,313500,0,
210,,,210,"Swiss Fold 19,5",,313500,0,
211,,,211,"Swiss Fold 20,0",,313500,0,
212,,,212,"Swiss Fold 20,5",,313500,0,
213,,,213,"Swiss Fold 21,0",,313500,0,
214,,,214,"Swiss Fold 21,5",,313500,0,
215,,,215,"Swiss Fold 22,0",,313500,0,
216,,,216,"Swiss Fold 22,5",,313500,0,
217,,,217,"Swiss Fold 23,0",,313500,0,
218,,,218,"Swiss Fold 23,5",,313500,0,
219,,,219,"Swiss Fold 24,0",,313500,0,
220,,,220,"Swiss Fold 24,5",,313500,0,
221,,,221,"Swiss Fold 25,5",,313500,0,
222,,,222,"Swiss Fold 26,0",,313500,0,
223,,,223,"Naspro Fold 22,0",,300000,0,
224,,,224,S Lens,,1650000,0,
225,,,225,"Optima Fold Aspheric 3,0",,308000,0,
226,,,226,"Optima Fold Aspheric 4,0",,300000,0,
227,,,227,"Optima Fold Aspheric 5,0",,308000,0,
228,,,228,"Optima Fold Aspheric 6,0",,308000,0,
229,,,229,"Optima Fold Aspheric 7,0",,308000,0,
230,,,230,"Optima Fold Aspheric 8,0",,308000,0,
231,,,231,"Optima Fold Aspheric 9,0",,300000,0,
232,,,232,"Optima Fold Aspheric 10,0",,308000,0,
233,,,233,"Optima Fold Aspheric 10,5",,308000,0,
234,,,234,"Optima Fold Aspheric 11,0",,308000,0,
235,,,235,"Optima Fold Aspheric 11,5",,308000,0,
236,,,236,"Optima Fold Aspheric 12,5",,308000,0,
237,,,237,"Optima Fold Aspheric 13,00",,308000,0,
238,,,238,"Optima Fold Aspheric 13,5",,308000,0,
239,,,239,"Optima Fold Aspheric 14,0",,308000,0,
240,,,240,"Optima Fold Aspheric 14,50",,308000,0,
241,,,241,"Optima Fold Aspheric 15,0",,308000,0,
242,,,242,"Optima Fold Aspheric 15,5",,308000,0,
243,,,243,"Optima Fold Aspheric 16,0",,308000,0,
244,,,244,"Optima Fold Aspheric 16,5",,308000,0,
245,,,245,"Optima Fold Aspheric 17,0",,308000,0,
246,,,246,"Optima Fold Aspheric 17,5",,308000,0,
247,,,247,"Optima Fold Aspheric 18,0",,308000,0,
248,,,248,"Optima Fold Aspheric 18,5",,308000,0,
249,,,249,"Optima Fold Aspheric 19,0",,308000,0,
250,,,250,"Optima Fold Aspheric 19,5",,308000,0,
251,,,251,"Optima Fold Aspheric 20,0",,308000,0,
252,,,252,"Optima Fold Aspheric 20,5",,308000,0,
253,,,253,"Optima Fold Aspheric 21,0",,308000,0,
254,,,254,"Optima Fold Aspheric 21,5",,308000,0,
255,,,255,"Optima Fold Aspheric 22,0",,308000,0,
256,,,256,"Optima Fold Aspheric 22,5",,300000,0,
257,,,257,"Optima Fold Aspheric 23,0",,308000,0,
258,,,258,"Optima Fold Aspheric 23,5",,308000,0,
259,,,259,"Optima Fold Aspheric 24,0",,308000,0,
260,,,260,"Optima Fold Aspheric 24,5",,308000,0,
261,,,261,"Optima Fold Aspheric 25,0",,308000,0,
262,,,262,"Optima Fold Aspheric 25,5",,300000,0,
263,,,263,"Optima Fold Aspheric 26,0",,300000,0,
264,,,264,"Optima Fold Aspheric 26,5",,300000,0,
265,,,265,"Optima Fold Aspheric 27,0",,300000,0,
266,,,266,"Optima Fold Aspheric 27,5",,308000,0,
267,,,267,"Optima Fold Aspheric 28,0",,300000,0,
268,,,268,"Optima Fold Aspheric 28,5",,308000,0,
269,,,269,"Optima Fold Aspheric 29,0",,300000,0,
270,,,270,"Optima Fold Aspheric 29,5",,308000,0,
271,,,271,"Optima Fold Aspheric 30,0",,300000,0,
272,,,272,"Novaflex HAF 18,00",,250000,0,
273,,,273,"Novaflex HAF 18,50",,250000,0,
274,,,274,"Novaflex HAF 19,00",,250000,0,
275,,,275,"Novaflex HAF 19,50",,250000,0,
276,,,276,"Novaflex HAF 20,00",,250000,0,
277,,,277,"Novaflex HAF 20,50",,250000,0,
278,,,278,"Novaflex HAF 21,00",,250000,0,
279,,,279,"Novaflex HAF 21,50",,250000,0,
280,,,280,"Novaflex HAF 22,00",,250000,0,
281,,,281,"Novaflex HAF 23,00",,250000,0,
282,,,282,"Novaflex HAF 24,00",,250000,0,
283,,,283,"Nano Fold 16,50",,300000,0,
284,,,284,"Nano Fold 19,50",,300000,0,
285,,,285,"Nano Fold 21,00",,300000,0,
286,,,286,"Nano Fold 21,50",,300000,0,
287,,,287,"Nano Fold 22,00",,300000,0,
288,,,288,optalvit syr,,71500,0,
289,,,289,ISOTIC CLEARIN,,9460,0,
290,,,290,"ISOTIC ADRETOR 0,5",,15873,0,
291,,,291,Siloxan btl d,,54454,0,
292,,,292,fluconazole,,52725,0,
293,,,293,CEFTAZIDIME,,31635,0,
294,,,294,omeprazole,,502,0,
295,,,295,ondansentron injeksi,,9435,0,
296,,,296,flamicort 10 mg inj,,110000,0,
297,,,297,omeprazole inj,,11136,0,
298,,,298,noveron,,924000,0,
299,,,299,minoscrub,,1548800,0,
300,,,300,isofluran,,1542750,0,
301,,,301,sevodex,,2697300,0,
302,,,302,gentamicin inj,,5106,0,
303,,,303,Sofsilk 4-0,,51425,0,
304,,,304,avastin inj,,5747966,0,
305,,,305,,,500000,0,
306,,,306,sofsilk 6-0,,81345,0,
307,,,307,alkohol 96 %,,33000,0,
308,,,308,surgeon cap,,88000,0,
309,,,309,hypafix,,130020,0,
310,,,310,masker tali,,35001,0,
311,,,311,masker karet,,70000,0,
312,,,312,alkohol swabs,,21733,0,
313,,,313,handscon non steril,,135000,0,
314,,,314,"Handscon 6,5",,8242,0,
315,,,315,tecnis Zcb00 p 6,,1700000,0,
316,,,316,tanfusion set tarumo,,25000,0,
317,,,317,flamicort inj 40,,133200,0,
318,,,318,accuchek,,229900,0,
319,,,319,jarum accuchek,,260000,0,
320,,,320,plasterin bulat,,36300,0,
321,,,321,endotracheal tube,,45100,0,
322,,,322,blood set,,48096,0,
323,,,323,ketokonazole tab 200 mg,,430,0,
324,,,324,tracheal tube 6.0,,38500,0,
325,,,325,tracheal tube 4.0,,38500,0,
326,,,326,asperic gold lens,,250000,0,
327,,,327,diatab,,550,0,
328,,,328,Ceftriaxone inj 1 gram,,25253,0,
329,,,329,MELOXICAM 15 mg,,1134,0,
330,,,330,KETOROLAC INJ 3%,,6475,0,
331,,,331,AQUA INJ kecil,,2955,0,
332,,,332,optalvit tab,,6050,0,
333,,,333,valisanbe 2 mg,,242,0,
334,,,334,RL,,9002,0,
335,,,335,HANDSCOOL 7.5,,7770,0,
336,,,336,NILON 10.0,,233333,0,
337,,,337,cefotaxime inj,,14300,0,
338,,,338,nupovel inj,,73815,0,
339,,,339,iv cath 22,,14430,0,
340,,,340,iv cath 20,,11999,0,
341,,,341,oneswab,,13970,0,
342,,,342,handscoon no 7,,7770,0,
343,,,343,spuit 10 cc,,5883,0,
344,,,344,spuit 5 cc,,4196,0,
345,,,345,farmabex-c,,1254,0,
346,,,346,OTTOPAD,,2200,0,
347,,,347,savlon,,135300,0,
348,,,348,propylthiourasil,,730,0,
349,,,349,lidocain,,1582,0,
350,,,350,Itraconazol,,4815,0,
351,,,351,propanolol 10 mg,,131,0,
352,,,352,ramipril 5 mg,,706,0,
353,,,353,vancodex inj,,110219,0,
354,,,354,endotracheal tube no 7.5,,25988,0,
355,,,355,endotracheal tube no 7.5,,25988,0,
356,,,356,endotracheal tube no 4,,25988,0,
357,,,357,endotracheal tube no 5,,25988,0,
358,,,358,endotracheal tube no 8,,25988,0,
359,,,359,NURSE CAP,,75000,0,
360,,,360,recofol,,527250,0,
361,,,361,kasa hidrofile (gulung),,170000,0,
362,,,362,SUKRALFAT SYR,,72600,0,
363,,,363,cefixime 200mg,,3330,0,
364,,,364,Claneksi syr,,58300,0,
365,,,365,Betadine 1 L baru,,235764,0,
366,,,366,"Optima 553 P 18,00",,80500,0,
367,,,367,Vitamin C,,555,0,
368,,,368,Epinephrine inj,,5828,0,
369,,,369,C-Flex  +17.5 non Asperic,,924000,0,
370,,,370,"Superflex Asperic 16,50",,1540000,0,
371,,,371,kapas sari,,231000,0,
372,,,372,catarlent strip,,20646,0,
373,,,373,natacen,,42969,0,
374,,,374,normafit,,6096,0,
375,,,375,optalgon,,12100,0,
376,,,376,vitanorm,,3663,0,
377,,,377,glauseta tab,,3086,0,
378,,,378,retivit tab,,4440,0,
379,,,379,Amoxycillin 500 mg D,,677,0,
380,,,380,dextamin tab,,1725,0,
381,,,381,cravit,,108974,0,
382,,,382,vernacel STRIP,,21421,0,
383,,,383,cortidex inj,,6369,0,
384,,,384,analsik tab,,1887,0,
385,,,385,FENTANIL INJ,,48840,0,
386,,,386,SEDACUM INJ,,21780,0,
387,,,387,cauter aaron,,210000,0,
388,,,388,Tetagam,,268000,0,
389,,,389,BETAHISTINE 6 MG,,932,0,
390,,,390,Mecobalamin 250 mcg,,660,0,
391,,,391,LUCENTIS INJ,,6601209,0,
392,,,392,RG-COLIN 500 mg,,10250,0,
393,,,393,mess operasi no 511,,580800,0,
394,,,394,mess operasi no 515,,380001,0,
395,,,395,autoclave indicator,,133200,0,
396,,,396,Isotic tearin,,13932,0,
397,,,397,Azopt,,130000,0,
398,,,398,Ciprofloxacin,,555,0,
399,,,399,Floxa STRIP,,27615,0,
400,,,400,Polydex STRIP,,27356,0,
401,,,401,OPO71,,950000,0,
402,,,402,IRIS RETRACTOR,,450000,0,
403,,,403,"COHEVISC 1,4",,200000,0,
404,,,404,Cendo Fenicol btl,,31614,0,
405,,,405,Kary uni,,39270,0,
406,,,406,salbutamol 4 mg,,220,0,
407,,,407,"OPTIMA 553 P 21,00",,138380,0,
408,,,408,APPASAMY IRIS PWR 16.00,,440000,0,
409,,,409,APPASAMY IRIS PWR 16.50,,440000,0,
410,,,410,APPASAMY IRIS PWR 17.00,,440000,0,
411,,,411,APPASAMY IRIS PWR 17.50,,440000,0,
412,,,412,APPASAMY IRIS PWR 18.00,,440000,0,
413,,,413,APPASAMY IRIS PWR 18.50,,440000,0,
414,,,414,APPASAMY IRIS PWR 19.00,,440000,0,
415,,,415,APPASAMY IRIS PWR 19.50,,396000,0,
416,,,416,APPASAMY IRIS PWR 20.00,,440000,0,
417,,,417,APPASAMY IRIS PWR 20.50,,385000,0,
418,,,418,APPASAMY IRIS PWR 21.00,,396000,0,
419,,,419,APPASAMY IRIS PWR 21.50,,440000,0,
420,,,420,APPASAMY IRIS PWR 22.00,,440000,0,
421,,,421,lubran,,59441,0,
422,,,422,AA SINSKEY LENS 15 ANGGLE,,825000,0,
423,,,423,OPECHIPS EYE SPONGE,,440000,0,
424,,,424,METRONIDAZOLE 500 MG,,400,0,
425,,,425,Clindamicyn 150mg,,796,0,
426,,,426,Azitromycin Tab,,10890,0,
427,,,427,tequinol,,18150,0,
428,,,428,simvastatin,,468,0,
429,,,429,SUGESTAM,,181500,0,
430,,,430,"swiss fold 11,5",,313500,0,
431,,,431,dop mata,,7770,0,
432,,,432,pisau 11,,320000,0,
433,,,433,pisau 15,,320000,0,
434,,,434,pisau 20,,320000,0,
435,,,435,plester bulat,,40000,0,
436,,,436,novotwins,,231000,0,
437,,,437,novorapit,,168088,0,
438,,,438,"optima fold aspheric 9,5",,300000,0,
439,,,439,endotrakeal 7,,23625,0,
440,,,440,laryngeal mask airway 4,,130200,0,
441,,,441,nacl 500ml,,7560,0,
442,,,442,acuchek,,0,0,
443,,,443,needle 30,,1200,0,
444,,,444,needle 26,,115000,0,
445,,,445,MANITOL,,39650,0,
446,,,446,MIRIWASH,,29150,0,
447,,,447,NACOBA INJ,,93000,0,
448,,,448,EPHEDRIN INJ,,55000,0,
449,,,449,ATROPINE INJ,,2750,0,
450,,,450,DIBLUE,,3500,0,
451,,,451,polypropilen,,209000,0,
452,,,452,"asucryl 4,0",,260000,0,
453,,,453,sodium,,200000,0,
454,,,454,ketorolak 1%,,449999,0,
455,,,455,tradosik inj,,21010,0,
456,,,456,prostigmin inj,,11655,0,
457,,,457,pethidin hcl,,13192,0,
458,,,458,liberti ring,,405000,0,
459,,,459,DEXTROSA 5%,,7686,0,
460,,,460,DOPAMIN INJ,,78100,0,
461,,,461,SENSAR AR4MN P -3,,1200000,0,
462,,,462,RHEX-ID,,50000,0,
463,,,463,Lyter strip,,19871,0,
464,,,464,Capsular Tension Ring,,450000,0,
465,,,465,Cotrimoxazol 480 mg,,422,0,
466,,,466,Cotrimoxazol forte 960 mg,,523,0,
467,,,467,nilon suture 10.0,,265667,0,
468,,,468,SWISS FOLD 26.50,,313500,0,
469,,,469,SWISS FOLD 25.00,,313500,0,
470,,,470,IV CATH NO 18,,10670,0,
471,,,471,IV CATH NO 24,,14430,0,
472,,,472,LANCE BLADE 0.9 MM STRAIGHT,,65000,0,
473,,,473,c-flex +17.00 non asperic,,924000,0,
474,,,474,giving set anak,,16720,0,
475,,,475,spuit 20 cc,,12294,0,
476,,,476,Spuit 50 cc lubang tegah,,36300,0,
477,,,477,guedel no. 3,,24200,0,
478,,,478,sodalime 4.5 kg,,632500,0,
479,,,479,t-vio,,275000,0,
480,,,480,Tecnis ZCB00 P 10,,1700000,0,
481,,,481,"Tecnis ZCB00 P 10,5",,1700000,0,
482,,,482,Tecnis ZCB00 P 11,,1700000,0,
483,,,483,Tecnis ZCB00 P 12,,1700000,0,
484,,,484,Tecnis ZCB00 P 12.5,,1700000,0,
485,,,485,Tecnis ZCB00 P 13,,1700000,0,
486,,,486,"Tecnis ZCB00 P 13,5",,1700000,0,
487,,,487,Tecnis ZCB00 P 14,,1700000,0,
488,,,488,"Tecnis ZCB00 P 14,5",,1700000,0,
489,,,489,Tecnis ZCB00 P 15,,1700000,0,
490,,,490,Tecnis ZCB00 P 15.5,,1700000,0,
491,,,491,Tecnis ZCB00 P 16,,1700000,0,
492,,,492,Tecnis ZCB00 P 16.5,,1700000,0,
493,,,493,Tecnis ZCB00 P 17,,1700000,0,
494,,,494,Tecnis ZCB00 P 17.5,,1700000,0,
495,,,495,Tecnis ZCB00 P 18,,1700000,0,
496,,,496,Tecnis ZCB00 P 18.5,,1700000,0,
497,,,497,Tecnis ZCB00 P 19,,1700000,0,
498,,,498,Tecnis ZCB00 P 19.5,,1700000,0,
499,,,499,Tecnis ZCB00 P 20,,1700000,0,
500,,,500,Tecnis ZCB00 P 20.5,,1700000,0,
501,,,501,Tecnis ZCB00 P 21,,1700000,0,
502,,,502,Tecnis ZCB00 P 21.5,,1700000,0,
503,,,503,Tecnis ZCB00 P 22,,1700000,0,
504,,,504,Tecnis ZCB00 P 22.5,,1700000,0,
505,,,505,Tecnis ZCB00 P 23,,1700000,0,
506,,,506,Tecnis ZCB00 P 23.5,,1700000,0,
507,,,507,Tecnis ZCB00 P 24,,1700000,0,
508,,,508,Tecnis ZCB00 P 24.5,,1700000,0,
509,,,509,Tecnis ZCB00 P 25,,1700000,0,
510,,,510,Tecnis ZCB00 P 25.5,,1700000,0,
511,,,511,Tecnis ZCB00 P 26,,1700000,0,
512,,,512,Tecnis ZCB00 P 27,,1700000,0,
513,,,513,Optimax for g,,8580,0,
514,,,514,Lansoprazol,,1443,0,
515,,,515,gabapentin 300mg,,12000,0,
516,,,516,alprazolam 0.5 mg,,1166,0,
517,,,517,GUDEL NO 2,,16500,0,
518,,,518,levocin,,53580,0,
519,,,519,Optima 553 P 1,,127400,0,
520,,,520,OPTIMA 553 P 2,,127400,0,
521,,,521,OPTIMA 553 P 3,,80500,0,
522,,,522,OPTIMA 553 P 4,,80500,0,
523,,,523,OPTIMA 553 P 5,,80500,0,
524,,,524,OPTIMA 553 P 6,,80500,0,
525,,,525,OPTIMA 553 P 7,,80500,0,
526,,,526,"OPTIMA 553 P 7,5",,80500,0,
527,,,527,OPTIMA 553 P 8,,80500,0,
528,,,528,OPTIMA 553 P 9,,103180,0,
529,,,529,OPTIMA 553 P 10,,80500,0,
530,,,530,"OPTIMA 553 P 10,5",,80500,0,
531,,,531,OPTIMA 553 P 11,,80500,0,
532,,,532,"OPTIMA 553 P 11,5",,80500,0,
533,,,533,OPTIMA 553 P 12,,80500,0,
534,,,534,"OPTIMA 553 P 12,5",,80500,0,
535,,,535,"OPTIMA 553 P 13,5",,80500,0,
536,,,536,OPTIMA 553 P 14,,80500,0,
537,,,537,"OPTIMA 553 P 14,5",,80500,0,
538,,,538,OPTIMA 553 P 15,,80500,0,
539,,,539,"OPTIMA 553 P 15,5",,88550,0,
540,,,540,OPTIMA 553 P 16,,80500,0,
541,,,541,"OPTIMA 553 P 16,5",,80500,0,
542,,,542,OPTIMA 553 P 17,,141421,0,
543,,,543,"OPTIMA 553 P 17,5",,80500,0,
544,,,544,"OPTIMA 552 P 18,5",,80500,0,
545,,,545,"OPTIMA 553 P 18,5 baru",,80500,0,
546,,,546,OPTIMA 553 P 19,,138380,0,
547,,,547,"OPTIMA 553 P 19,5",,80500,0,
548,,,548,OPTIMA 553 P 20,,138380,0,
549,,,549,OPTIMA 553 P 18.00 baru,,103180,0,
550,,,550,"OPTIMA 553 P 20,5",,138380,0,
551,,,551,"OPTIMA 553 P 21,5",,80500,0,
552,,,552,OPTIMA 553 P 22,,138380,0,
553,,,553,"OPTIMA 553 P 22,5",,103180,0,
554,,,554,OPTIMA 553 P 23,,80500,0,
555,,,555,"OPTIMA 553 P 23,5",,80500,0,
556,,,556,amlodipin 5 mg,,940,0,
557,,,557,APPASAMY IRIS PWR 08.00,,440000,0,
558,,,558,APPASAMY IRIS PWR 06.00,,440000,0,
559,,,559,APPASAMY IRIS PWR 22.50,,440000,0,
560,,,560,OCUVA A625 19,,350000,0,
561,,,561,OCUVA A625 19.5,,350000,0,
562,,,562,OCUVA A625 20,,350000,0,
563,,,563,OCUVA A625 20.5,,350000,0,
564,,,564,OCUVA A625 21,,350000,0,
565,,,565,OCUVA A625 21.5,,350000,0,
566,,,566,OCUVA A625 22.5,,350000,0,
567,,,567,OCUVA A625 23,,350000,0,
568,,,568,OCUVA A625 23.5,,350000,0,
569,,,569,"meloxicam 7,5mg",,950,0,
570,,,570,Aspilet,,844,0,
571,,,571,na. Bic,,160,0,
572,,,572,allupurinol,,156,0,
573,,,573,As Traneksamat,,1998,0,
574,,,574,Parasetamol infus,,63270,0,
575,,,575,AIR OPTIX,,89245,0,
576,,,576,"APPASAMY IRIS POWER 9,00",,440000,0,
577,,,577,isosorbide dinitrate 5mg,,121,0,
578,,,578,NOCOBA INJ,,99000,0,
579,,,579,OCUVA A625 22,,350000,0,
580,,,580,terrel 250 ml/15,,1430550,0,
581,,,581,naspro 207 21.00,,300000,0,
582,,,582,cefadroxil 500mg,,1210,0,
583,,,583,betadin 1 liter,,192500,0,
584,,,584,OPTIMA 553 P 24,,80500,0,
585,,,585,OPTIMA 553 P 25,,80500,0,
586,,,586,"OPTIMA 553 P 25,5",,80500,0,
587,,,587,cent act irr fms pack 0.9,,1980000,0,
588,,,588,npg bag 500ml,,220000,0,
589,,,589,SOJOURIN 250 ML,,2860000,0,
590,,,590,alkohol 70%,,75000,0,
591,,,591,"APPASAMY IRIS POWER 12,50",,440000,0,
592,,,592,"SWISS FOLD 17,00",,313500,0,
593,,,593,"naspro 207 20,00",,300000,0,
594,,,594,naspro 207 18.00,,300000,0,
595,,,595,naspro 207 19.00,,300000,0,
596,,,596,"naspro 207 20,50",,300000,0,
597,,,597,"naspro 2074 23,00",,300000,0,
598,,,598,"naspro 207 24,00",,300000,0,
599,,,599,dexamethasone inj,,2303,0,
600,,,600,softaman 500 ml,,80850,0,
601,,,601,coated vicryl 6-0,,296340,0,
602,,,602,prolene blue 6-0,,126000,0,
603,,,603,Temiral zalp,,28255,0,
604,,,604,"Ethilon 10,0",,252263,0,
605,,,605,"Optima 553 P 24,5",,88550,0,
606,,,606,giving set,,19458,0,
607,,,607,appasamy iris pwr 10,,385000,0,
608,,,608,appasamy iris pwr 11,,385000,0,
609,,,609,appasamy iris pwr 12.00,,385000,0,
610,,,610,spuit 50 cc lobang tepi,,25652,0,
611,,,611,clindamicin 300 mg,,1388,0,
612,,,612,sensar p 4,,1320000,0,
613,,,613,"Superflex Aspheric 07,00",,1980000,0,
614,,,614,focus nylon 10-0,,143000,0,
615,,,615,Nylon Us-Iol,,104500,0,
616,,,616,Appasamy iris power 7.00,,385000,0,
617,,,617,enzymatic (poli aid),,863940,0,
618,,,618,klorin,,375705,0,
619,,,619,vit k,,297,0,
620,,,620,candesartan 8mg,,5198,0,
621,,,621,JARUM INSULIN,,2155,0,
622,,,622,mersilk 4-0,,79310,0,
623,,,623,"laryngeal mask airway 1,5",,156860,0,
624,,,624,laryngeal mask airway 5,,156860,0,
625,,,625,laryngeal mas airway 3,,265100,0,
626,,,626,Isotic neolyson,,25520,0,
627,,,627,laryngeal mask airway 1,,265100,0,
628,,,628,VITAMIN C INJ,,28820,0,
629,,,629,Flumetholon,,92400,0,
630,,,630,INPEPSA SRP,,60500,0,
631,,,631,eye drape phaco,,27500,0,
632,,,632,TROPIN MD a,,3303,0,
633,,,633,Nutrivision,,8800,0,
634,,,634,patanol ED,,72500,0,
635,,,635,Optima Fold Aspheric 12,,308000,0,
636,,,636,"Naspro 2017 17,5",,330000,0,
637,,,637,polynel STRIP,,18452,0,
638,,,638,antasida doen,,135,0,
639,,,639,"Optima Fold Asphric 4,5",,300000,0,
640,,,640,C-Fex +18.00 non Aspheric,,924000,0,
641,,,641,C-Flex +18.5 non Aspheric,,924000,0,
642,,,642,C-Flex +22.0 non Aspheric,,924000,0,
643,,,643,C-Flex +22.5 Non Aspheric,,924000,0,
644,,,644,C-Flex +24.5 Non Aspheric,,924000,0,
645,,,645,C-Flex +23.5 non Aspheric,,924000,0,
646,,,646,"OPTIMA 553 P 19,5 baru",,138380,0,
647,,,647,rocum inj,,110000,0,
648,,,648,"Superflex Aspheric 05,5",,1980000,0,
649,,,649,dulcolax 5mg,,1700,0,
650,,,650,laktulak sirup,,58000,0,
651,,,651,neurosanbe tab,,1443,0,
652,,,652,Homatro BTL,,36647,0,
653,,,653,Poliwash,,59385,0,
654,,,654,Sensar AR40E P 2,,1200000,0,
655,,,655,Omeprazole serbuk inj,,73815,0,
656,,,656,spons scrubbrush,,11000,0,
657,,,657,Ranitidin inj,,3080,0,
658,,,658,Lux vission 20.00,,275000,0,
659,,,659,ocuva A625 18.0,,350000,0,
660,,,660,Ocuva A625 18.5,,350000,0,
661,,,661,asthenof btl,,21678,0,
662,,,662,co- Amoxyclav tab,,1071,0,
663,,,663,napsro 2017 17.00,,300000,0,
664,,,664,osteocal tab,,1210,0,
665,,,665,kaset phaco,,880000,0,
666,,,666,"naspro fold 22,50",,330000,0,
667,,,667,"Timol 0,5% STRIP",,26582,0,
668,,,668,NEVANAC,,114400,0,
669,,,669,injekpam,,2136,0,
670,,,670,enzymatic (cidezyme),,1038180,0,
671,,,671,lapistan,,1554,0,
672,,,672,aspro 20.50,,308000,0,
673,,,673,aspro 20.00,,308000,0,
674,,,674,vitrolenta btl,,33808,0,
675,,,675,lux vission 21.00,,275000,0,
676,,,676,arceole (gas),,1650000,0,
677,,,677,as Traneksamat inj,,7382,0,
678,,,678,flamar btl,,26345,0,
679,,,679,Anesfar injeksi,,15840,0,
680,,,680,aspro 19.00,,308000,0,
681,,,681,aspro 19.50,,308000,0,
682,,,682,aspro 21.00,,308000,0,
683,,,683,aspro 21.50,,308000,0,
684,,,684,lux vission 14.00,,302500,0,
685,,,685,lux vission 15.00,,302500,0,
686,,,686,lux vission 17.00,,302500,0,
687,,,687,,,12000,0,
688,,,688,optiol 20.00,,308000,0,
689,,,689,optiol 20.50,,297000,0,
690,,,690,Bralifex plus ED,,30657,0,
691,,,691,naspro fold 01.00,,330000,0,
692,,,692,naspro fold 12.00,,330000,0,
693,,,693,naspro fold 13.00,,330000,0,
694,,,694,naspro fold 17.00,,330000,0,
695,,,695,medixon tab 4mg,,2530,0,
696,,,696,klorin tab eff,,432300,0,
697,,,697,cidex solution,,658845,0,
698,,,698,needle 18,,105001,0,
699,,,699,ky jelly lubricent,,78889,0,
700,,,700,optiol 18.00,,297000,0,
701,,,701,optiol 18.50,,297000,0,
702,,,702,optiol 19.00,,308000,0,
703,,,703,optiol 19.50,,308000,0,
704,,,704,optiol 21.00,,297000,0,
705,,,705,optiol 21.50,,297000,0,
706,,,706,optiol 22.00,,297000,0,
707,,,707,optiol 22.50,,297000,0,
708,,,708,optiol 23.00,,308000,0,
709,,,709,EDTA BTL,,45237,0,
710,,,710,aspro 15.00,,308000,0,
711,,,711,aspro 17.00,,308000,0,
712,,,712,aspro 18.00,,308000,0,
713,,,713,aspro 22.00,,308000,0,
714,,,714,aspro 22.50,,308000,0,
715,,,715,aspro 24.00,,308000,0,
716,,,716,sensar -4,,1320000,0,
717,,,717,angled 2.0 knife,,132000,0,
718,,,718,lanzox 50,,1778220,0,
719,,,719,MYCETIN,,13162,0,
720,,,720,cavit-d3,,2200,0,
721,,,721,patizra (lucentis),,4107404,0,
722,,,722,"appasamy iris power 23,5",,440000,0,
723,,,723,cendo fenicol salap,,22859,0,
724,,,724,ocuflam 5ml,,35685,0,
725,,,725,polywash,,59385,0,
726,,,726,opo61,,770000,0,
727,,,727,silicon 1000,,1595000,0,
728,,,728,bovie aaron cautery,,466966,0,
729,,,729,appasamy iris power 24.00,,440000,0,
730,,,730,sensar -2,,1320000,0,
731,,,731,Laminar 19 tip,,925000,0,
732,,,732,Laminar 20 sleeve,,300000,0,
733,,,733,Puspalin tab,,6050,0,
734,,,734,tramus inj,,54945,0,
735,,,735,new,,9435,0,
736,,,736,lubricen btl 15ml,,44151,0,
737,,,737,"naspro fold 15,50",,330000,0,
738,,,738,HP PRO,,6000,0,
739,,,739,xilocain spray,,338038,0,
740,,,740,laminar 19 sleeve,,300000,0,
741,,,741,betamethason,,5500,0,
742,,,742,neo levo,,75000,0,
743,,,743,opo 85 intuitiv,,6800000,0,
744,,,744,laminar 20 tip,,925000,0,
745,,,745,eritromicin,,3600,0,
746,,,746,miconazole slp,,5500,0,
747,,,747,sangobion,,1601,0,
748,,,748,thyrozol 10 mg,,3300,0,
749,,,749,ctr nano ring,,500000,0,
750,,,750,LFX MD (d),,14246,0,
751,,,751,POLYPRED MD (d),,3588,0,
752,,,752,,,5382,0,
753,,,753,POLYNEL MD (d),,3690,0,
754,,,754,Protagenta MD a,,7407,0,
755,,,755,NONCORT MD (d),,8723,0,
756,,,756,Floxa MD  a,,5523,0,
757,,,757,Tobroson md,,5987,0,
758,,,758,Xitrol MD (d),,5033,0,
759,,,759,TROPIN MD (d),,3303,0,
760,,,760,VERNACEL MD,,4283,0,
761,,,761,CARPIN MD (d),,3639,0,
762,,,762,"appasmy iris claw 15,00",,444000,0,
763,,,763,"appasamy iris claw 15,50",,444000,0,
764,,,764,eye drape vitrek,,35300,0,
765,,,765,posop md,,10839,0,
766,,,766,vitamin A,,160,0,
767,,,767,apidra solostar,,179254,0,
768,,,768,cefixime DS,,22200,0,
769,,,769,swis fold -4,,313500,0,
770,,,770,prednicort 4mg,,4620,0,
771,,,771,ceftri tts,,61414,0,
772,,,772,berotek inheler,,242668,0,
773,,,773,aspro 18.50,,308000,0,
774,,,774,lodia,,1375,0,
775,,,775,vancep injeksi,,198135,0,
776,,,776,ketalar inj 100mg,,422230,0,
777,,,777,wiaflox,,14985,0,
778,,,778,"optima fold ashperic 01,00",,308000,0,
779,,,779,Lameson 125mg inj,,101200,0,
780,,,780,seretide inhaler 50 mcg,,184800,0,
781,,,781,metil prednisolon 125mg inj,,29526,0,
782,,,782,compaq reusable,,3465000,0,
783,,,783,LFX strip,,71229,0,
784,,,784,aminophilin,,177,0,
785,,,785,opo 80 intuitiv single use,,900000,0,
786,,,786,floxa md (d),,5523,0,
787,,,787,berry vision,,2576,0,
788,,,788,"bisoprolol 2,5 mg",,700,0,
789,,,789,PRORIS SRP,,30250,0,
790,,,790,Mufacort zalf kulit,,49000,0,
791,,,791,phytomenadion,,1332,0,
792,,,792,optiol 17.00,,297000,0,
793,,,793,optiol 17.50,,297000,0,
794,,,794,neurodex,,611,0,
795,,,795,alkacide,,2702700,0,
796,,,796,alkazyme,,800316,0,
797,,,797,Polydex MD (d),,5471,0,
798,,,798,Tradosik tab,,5963,0,
799,,,799,conal btl,,21719,0,
800,,,800,APPASAMY IRIS PWR 23.00,,440000,0,
801,,,801,APPASAMY iRIS PWR 14.00,,396000,0,
802,,,802,VOZOLE,,50000,0,
803,,,803,visalis,,989399,0,
804,,,804,,,1,0,
805,,,805,siklosforin,,100100,0,
806,,,806,Mecobalamine 500 mcg,,888,0,
807,,,807,bioplacenton,,18755,0,
808,,,808,profenid sup,,16500,0,
809,,,809,PGA 8-0,,219780,0,
810,,,810,PGA 8-0,,219780,0,
811,,,811,ic cath jendela 20,,16225,0,
812,,,812,iv cath jendela 22,,16225,0,
813,,,813,iv cath jendela 20,,16225,0,
814,,,814,safety box,,27500,0,
815,,,815,arciolane 5500,,2318348,0,
816,,,816,"optima fold aspheric 1,50",,308000,0,
817,,,817,Tarivid ED,,33300,0,
818,,,818,kaset vitrek combined,,7356800,0,
819,,,819,tes,,18418,0,
820,,,820,TGF,,10849,0,
821,,,821,tarivid btl,,33300,0,
822,,,822,optima 553 p 13.00,,113498,0,
823,,,823,APPASAMY IRIS PWR 13.00,,440000,0,
824,,,824,APPASAMY IRIS PWR 13.50,,396000,0,
825,,,825,APPASAMY IRIS PWR 14.50,,440000,0,
826,,,826,PGA 6-0,,242947,0,
827,,,827,PGA 4-0,,83160,0,
828,,,828,PGA 7-0,,184140,0,
829,,,829,ahmed glaucoma,,7700000,0,
830,,,830,Sanmol Syrup D,,17760,0,
831,,,831,"texel fold 17,5",,352000,0,
832,,,832,"texel fold 18,5",,352000,0,
833,,,833,texel fold 20,,352000,0,
834,,,834,"texel fold 20,5",,352000,0,
835,,,835,"texel fold 21,0",,320000,0,
836,,,836,"texel fold 21,5",,352000,0,
837,,,837,"alcon 23,5 combine",,6336000,0,
838,,,838,alcon phaco,,1168750,0,
839,,,839,alcon bss,,233100,0,
840,,,840,texel fold 1,,320000,0,
841,,,841,texel fold 3,,320000,0,
842,,,842,"texel fold 10,5",,320000,0,
843,,,843,"texel fold 12,5",,320000,0,
844,,,844,texel fold 18,,320000,0,
845,,,845,texel fold 19,,352000,0,
846,,,846,"texel fold 19,5",,352000,0,
847,,,847,texel fold 25,,352000,0,
848,,,848,blephasep,,110000,0,
849,,,849,texel fold 24,,352000,0,
850,,,850,Norflam,,6716,0,
851,,,851,Cenfresh MD,,4851,0,
852,,,852,cendo choline,,7742,0,
853,,,853,diatabs,,550,0,
854,,,854,swiss fold 28,,313500,0,
855,,,855,texel fold 4,,320000,0,
856,,,856,texel fold 5,,320000,0,
857,,,857,texel fold 13,,320000,0,
858,,,858,"texel fold 13,5",,320000,0,
859,,,859,"texel fold 15,5",,320000,0,
860,,,860,texel fold 17,,320000,0,
861,,,861,texel fold 27,,320000,0,
862,,,862,"texel fold 27,5",,320000,0,
863,,,863,"alcon 23,5 combine vall",,6688000,0,
864,,,864,c-flex aspheric -9,,2030000,0,
865,,,865,appasamy irs pwr 24.50,,440000,0,
866,,,866,appasamy irs pwr 25.00,,440000,0,
867,,,867,swiss fold 27.00,,313500,0,
868,,,868,lyter MD d,,3760,0,
869,,,869,natrium bikarbonat Tab,,330,0,
870,,,870,,,12540,0,
871,,,871,iv cath jendela 24,,16225,0,
872,,,872,,,22000,0,
873,,,873,acetyl sistein,,1375,0,
874,,,874,celebrex 200mg,,21780,0,
875,,,875,ambroxol syrup,,5500,0,
876,,,876,op fold 18,,275000,0,
877,,,877,op fold 19,,275000,0,
878,,,878,"op fold 19,5",,275000,0,
879,,,879,op fold 20,,275000,0,
880,,,880,"op fold 20,5",,275000,0,
881,,,881,op fold 21,,275000,0,
882,,,882,"op fold 21,5",,1332000,0,
883,,,883,op fold 22,,275000,0,
884,,,884,"op fold 22,5",,275000,0,
885,,,885,sandimun neoral 25mg,,14025,0,
886,,,886,appavisc 3l swiss,,50000,0,
887,,,887,sodium swiss,,150000,0,
888,,,888,op fold 11,,275000,0,
889,,,889,op fold 14,,275000,0,
890,,,890,"op fold 14,5",,275000,0,
891,,,891,op fold 15,,275000,0,
892,,,892,"op fold 15,5",,275000,0,
893,,,893,op fold 16,,275000,0,
894,,,894,"op fold 16,5",,275000,0,
895,,,895,op fold 25,,275000,0,
896,,,896,"op fold 25,5",,275000,0,
897,,,897,"op fold 18,5",,275000,0,
898,,,898,fentanil inj,,48840,0,
899,,,899,recofol N inj,,94905,0,
900,,,900,C-Flex aspheric -6,,2233000,0,
901,,,901,C-Flex aspheric -4,,2233000,0,
902,,,902,mayliujinring mma,,1265000,0,
903,,,903,op fold 23,,275000,0,
904,,,904,"op fold 23,5",,275000,0,
905,,,905,op fold 24,,275000,0,
906,,,906,"op fold 24,5",,275000,0,
907,,,907,op fold 17,,275000,0,
908,,,908,"op fold 17,5",,275000,0,
909,,,909,dextrosa 40%,,7770,0,
910,,,910,kratom pureslek,,60000,0,
911,,,911,kratom mani,,195000,0,
912,,,912,tombak mani,,195000,0,
913,,,913,virna glaucoma,,2672000,0,
914,,,914,"alcon probe laser 23,5",,2750000,0,
915,,,915,glauoplus md,,19616,0,
916,,,916,mayliujinring afina,,2880034,0,
917,,,917,oppo 73,,1370000,0,
918,,,918,op fold 28,,275000,0,
919,,,919,aqua 1L,,18000,0,
920,,,920,op fold 27,,275000,0,
921,,,921,lyter botol,,23227,0,
922,,,922,Bio ATP,,2121,0,
923,,,923,"latipres 2,5ml",,190000,0,
924,,,924,"texel fold 26,5",,320000,0,
925,,,925,op fold 3,,275000,0,
926,,,926,op fold 4,,275000,0,
927,,,927,op fold 8,,275000,0,
928,,,928,op fold 26,,275000,0,
929,,,929,tombak puresleek,,60000,0,
930,,,930,Metil Prednisolon 8 mg,,673,0,
931,,,931,sedacum (anespar),,84150,0,
932,,,932,"texel fold 25,5",,352000,0,
933,,,933,op fold 10,,275000,0,
934,,,934,"op fold 11,5",,275000,0,
935,,,935,"op fold 12,5",,275000,0,
936,,,936,op fold 13,,275000,0,
937,,,937,appavis yotavis,,50000,0,
938,,,938,op fold 7,,275000,0,
939,,,939,hand scoon steril 6 TROGE,,8242,0,
940,,,940,op fold 5,,275000,0,
941,,,941,op fold 12,,275000,0,
942,,,942,levofloxacin infus 750mg,,209000,0,
943,,,943,tradosik 50mg,,5940,0,
944,,,944,aminophylline inj,,7770,0,
945,,,945,lubricen md,,8991,0,
946,,,946,hyalub MD a,,10654,0,
947,,,947,apidra 1 UI/ml,,1777,0,
948,,,948,p-pred md (d),,7897,0,
949,,,949,metronidazole injk 500mg/100ml,,44400,0,
950,,,950,clare 17,,1100000,0,
951,,,951,"clare 17,5",,1100000,0,
952,,,952,"clare 18,5",,1100000,0,
953,,,953,clare 19,,1100000,0,
954,,,954,"clare 19,5",,1100000,0,
955,,,955,clare 22,,1100000,0,
956,,,956,Taflotan btl,,315744,0,
957,,,957,op fold 1,,275000,0,
958,,,958,Ulcori md (d),,4052,0,
959,,,959,"swiss fold 27,5",,313500,0,
960,,,960,NaCl 100ml,,7125,0,
961,,,961,Ampicillin 1g injk,,12540,0,
962,,,962,sodium 1.8%,,150000,0,
963,,,963,tes,,5383,0,
964,,,964,tes,,5383,0,
965,,,965,glimepirid 2 mg,,1110,0,
966,,,966,gliquidon 30mg,,1800,0,
967,,,967,Augentonic strip,,22323,0,
968,,,968,kapas pembalut,,165880,0,
969,,,969,Glaoupen MD,,18632,0,
970,,,970,sevoflurane,,1998000,0,
971,,,971,"dibekacin 0,3%",,72761,0,
972,,,972,diquas,,113089,0,
973,,,973,fluconazole 150mg,,19000,0,
974,,,974,ketokonazole krim 2%,,7000,0,
975,,,975,I.A tansformer,,516120,0,
976,,,976,Lactulax syrup,,67000,0,
977,,,977,alcon probe laser 25,,2750000,0,
978,,,978,"catapres injeksi 0,15mg",,52492,0,
979,,,979,LMA-DISPOSIBLE,,247500,0,
980,,,980,NGT NO 12,,59400,0,
981,,,981,COROLENE 4.0,,139860,0,
982,,,982,SILICON TUBE,,770000,0,
983,,,983,clare 20,,1100000,0,
984,,,984,"clare 20,5",,1100000,0,
985,,,985,backflush needle,,935935,0,
986,,,986,tes,,825,0,
987,,,987,Sanbe Tear,,15822,0,
988,,,988,TIMOL MD a,,5317,0,
989,,,989,Autologus serum,,35100,0,
990,,,990,latanoprost btl,,64103,0,
991,,,991,betadine 5L,,762300,0,
992,,,992,phitamenadion,,1485,0,
993,,,993,lergio,,74800,0,
994,,,994,tes,,84150,0,
995,,,995,molcin,,54236,0,
996,,,996,Cendo fenicol md,,4180,0,
997,,,997,Panadol Extra,,1800,0,
998,,,998,Patacen ED,,103835,0,
999,,,999,masker pcs,,2750,0,
1000,,,1000,P-Pred MD,,7897,0,
1001,,,1001,Polygran MD,,3885,0,
1002,,,1002,Ikervis,,22967,0,
1003,,,1003,metotrexsat,,8692,0,
1004,,,1004,levofloxacin infus 500,,52725,0,
1005,,,1005,visionlux,,167888,0,
1006,,,1006,Ceftriaxon fortified,,54450,0,
1007,,,1007,LACOMA,,79200,0,
1008,,,1008,Lacoma,,79200,0,
1009,,,1009,Simbrinza,,341000,0,
1010,,,1010,Transamin tab,,3036,0,
1011,,,1011,Histrine Levo,,6382,0,
1012,,,1012,Naviblef,,16500,0,
1013,,,1013,kassa kotak,,4440,0,
1014,,,1014,leucopor,,13320,0,
1015,,,1015,CONVER MD,,3329,0,
1016,,,1016,Dextamin sirup,,38359,0,
1017,,,1017,Epexol,,24168,0,
1018,,,1018,aspar K D,,3320,0,
1019,,,1019,Tonor Strip,,39331,0,
1020,,,1020,lyterAs Tetes Mata,,35970,0,
1021,,,1021,dextral tablet,,832,0,
1022,,,1022,AKILEN ED,,25031,0,
1023,,,1023,OPTALENT ED,,21175,0,
1024,,,1024,p-pred botol,,53724,0,
1025,,,1025,reticopen,,8150,0,
1026,,,1026,LYTERCTZM,,57331,0,
1027,,,1027,asam mefenamat Tab D,,322,0,
1028,,,1028,piroxicam 20 mg,,314,0,
1029,,,1029,cortidex,,405,0,
1030,,,1030,allupurinol 100 mg,,180,0,
1031,,,1031,curcuma tab,,1484,0,
1032,,,1032,urdafalk,,14300,0,
1033,,,1033,laxadine syr,,64429,0,
1034,,,1034,LYHTERVAN,,40480,0,
1035,,,1035,Paracetamol D,,242,0,
1036,,,1036,Lanosan PLUS,,85985,0,
1037,,,1037,GLOPAC ED,,187879,0,
1038,,,1038,avastin injesi,,287398,0,
1039,,,1039,Fluorouracil injeksi,,43290,0,
1040,,,1040,Spuit 1 cc,,4689,0,
1041,,,1041,"Handscoon Steril 6,5",,8242,0,
1042,,,1042,"Handscoon Steril 7,5",,7770,0,
1043,,,1043,MOXIFLOXACINE ED,,50505,0,
1044,,,1044,OLOPATADINE ED,,48523,0,
1045,,,1045,LYTERLIN,,42770,0,
1046,,,1046,Spuit 3 cc,,3463,0,
1047,,,1047,injection plug,,2136,0,
1048,,,1048,SPIRONOLAKTON 25 MG TAB,,275,0,
1049,,,1049,Amlodipine 10 mg,,833,0,
1050,,,1050,elomox,,29040,0,
1051,,,1051,na diklofenac 50 mg,,344,0,
1052,,,1052,SAGESTAM ED,,19669,0,
1053,,,1053,paracetamol tab,,242,0,
1054,,,1054,ferofort,,2602,0,
1055,,,1055,Betadine Obat Kumur,,37000,0,
1056,,,1056,Siloxan btl,,54454,0,
1057,,,1057,DOHIXAT tab,,626,0,
1058,,,1058,Becom C,,1832,0,
1059,,,1059,Cenfresh,,24254,0,
1060,,,1060,LANOSAN,,61978,0,
1061,,,1061,naviblef a,,21500,0,
1062,,,1062,nutrieye tab,,8954,0,
1063,,,1063,imuran tablet,,10468,0,
1064,,,1064,Paracetamol Syrup,,5550,0,
1065,,,1065,LAPISTAN D,,1554,0,
1066,,,1066,metil prednisolone 16 mg D,,1332,0,
1067,,,1067,GLAUSETA D,,3086,0,
1068,,,1068,Cefixime 100 mg D,,1610,0,
1069,,,1069,Cefixime 200 mg D,,3330,0,
1070,,,1070,Potasium diclofenac 50 mg D,,722,0,
1071,,,1071,Transamin D,,3036,0,
1072,,,1072,Phytomenadion D,,1332,0,
1073,,,1073,PANTOCAIN D,,13677,0,
1074,,,1074,Mydriatil D,,39485,0,
1075,,,1075,Mycetin D,,13162,0,
1076,,,1076,CENFRESH MD D,,4851,0,
1077,,,1077,POLIDEMICIN D,,19389,0,
1078,,,1078,mometason krim,,28000,0,
1079,,,1079,PARACETAMOL SYRUP D,,5550,0,
1080,,,1080,CITICOLIN 1000 mg,,13090,0,
1081,,,1081,acyclovir 200 mg,,593,0,
1082,,,1082,efrisel D,,15936,0,
1083,,,1083,HOMATRO D,,36647,0,
1084,,,1084,TIMOL MD D,,5317,0,
1085,,,1085,Lameson 4 mg D,,3740,0,
1086,,,1086,Cetirizine D,,333,0,
1087,,,1087,CIPROFLOXACIN D,,555,0,
1088,,,1088,METIL PREDNISOLONE 8 mg D,,433,0,
1089,,,1089,"colchicin 0,5 mg",,3410,0,
1090,,,1090,Carpin strip,,18194,0,
1091,,,1091,xitrol md,,5033,0,
1092,,,1092,Asam Traneksamat tab,,1998,0,
1093,,,1093,mio choll,,50000,0,
1094,,,1094,rhexid,,50000,0,
1095,,,1095,sagestam inj,,11466,0,
1096,,,1096,appavis,,50000,0,
1097,,,1097,sodium,,150000,0,
1098,,,1098,kratom,,165000,0,
1099,,,1099,tombak,,90750,0,
1100,,,1100,"artist 10,0",,2275500,0,
1101,,,1101,"op fold 21,5",,275000,0,
1102,,,1102,Cefixim DS d,,22200,0,
1103,,,1103,WIAFLOX D,,14985,0,
1104,,,1104,Lansoprazole D,,1443,0,
1105,,,1105,Loratadine 10 mg,,550,0,
1106,,,1106,new,,9435,0,
1107,,,1107,LYTER FU,,32690,0,
1108,,,1108,ventolin,,14600,0,
1109,,,1109,Sanmol forte syr,,35500,0,
1110,,,1110,Noncort BTL,,36630,0,
1111,,,1111,vertizine,,3500,0,
1112,,,1112,"timol 0,25%",,24500,0,
1113,,,1113,eyefresh,,23872,0,
1114,,,1114,Eyefresh Plus,,36002,0,
1115,,,1115,salbutamol 2 mg,,110,0,
1116,,,1116,Moxidrop,,50616,0,
1117,,,1117,metoclopramide injeks,,7382,0,
1118,,,1118,CENDO BERRY,,4439,0,
1119,,,1119,ACIFAR 400 MG,,1130,0,
1120,,,1120,bernoflox 500 mg,,11794,0,
1121,,,1121,methylon 4 mg,,2358,0,
1122,,,1122,Sanmol Tab,,466,0,
1123,,,1123,hyalub pluridose,,222222,0,
1124,,,1124,AZITROMYCEIN 500 MG,,11000,0,
1125,,,1125,natacen md,,8594,0,
1126,,,1126,eyefreh md a,,4774,0,
1127,,,1127,lyter pluridose,,143590,0,
1128,,,1128,Imura,,0,0,
1129,,,1129,FUROSEMID INJEKSI,,18000,0,
1130,,,1130,Vitamin D3,,738,0,
1131,,,1131,tyrozol,,2700,0,
1132,,,1132,zink,,411,0,
1133,,,1133,euthyrox,,4200,0,
1134,,,1134,furosemid 40 mg,,300,0,
1135,,,1135,levofloxacin botol,,18870,0,
1136,,,1136,combantrin,,9000,0,
1137,,,1137,AMOXAN SYR,,31000,0,
1138,,,1138,SANMOL DROP,,22000,0,
1139,,,1139,CYCLON,,18324,0,
1140,,,1140,URISPAS,,7400,0,
1141,,,1141,VOMETA SYRUP,,73500,0,
1142,,,1142,PHAROLIT,,2000,0,
1143,,,1143,PATACEN BOTOL,,91087,0,
1144,,,1144,Polypred md (a),,3588,0,
1145,,,1145,fluconazole tablet,,114000,0,
1146,,,1146,Alletrol Compositum ED,,15291,0,
1147,,,1147,Optiflox,,27750,0,
1148,,,1148,Stesolid suppos 10mg,,68000,0,
1149,,,1149,Genoint EO,,10545,0,
1150,,,1150,Voxib inj,,27195,0,
1151,,,1151,Avamab,,2705625,0,
1152,,,1152,Kalmetholone ED,,49950,0,
1153,,,1153,NOREVEL,,2097900,0,
1154,,,1154,NASAL CANUL,,6500,0,
1155,,,1155,CETIRIZINE SYR,,0,0,
1156,,,1156,TEMPRA DROP,,50000,0,
1157,,,1157,ranitidin tab 150,,222,0,
1158,,,1158,ERKOLIN,,111000,0,
1159,,,1159,COMBIVENT NEBU,,28000,0,
1160,,,1160,Rhinos,,8700,0,
1161,,,1161,phytomenadion injk,,7770,0,
1162,,,1162,sukralfat suspensi,,21000,0,
1163,,,1163,Strip Accucheck,,232000,0,
1164,,,1164,Sagestam Fortified,,34400,0,
1165,,,1165,Catarlent MD,,4129,0,
1166,,,1166,LEVEMIR,,262000,0,
1167,,,1167,Timolol botol,,12100,0,
1168,,,1168,Opexa,,62160,0,
1169,,,1169,Beneuron,,443,0,
1170,,,1170,Bevagen,,2775000,0,
1171,,,1171,Cefazolin ink,,22200,0,
1172,,,1172,"OPTIMOL 0,5%",,13875,0,
1173,,,1173,Eyefresh Plus MD,,7201,0,
1174,,,1174,DEXTROSA 10%,,8351,0,
1175,,,1175,Lacyvir EO,,27750,0,
1176,,,1176,Benoson- N,,23000,0,
1177,,,1177,LECOZINC,,386,0,
1178,,,1178,FLUCONAZOL INFUS,,44400,0,
1179,,,1179,ERMOXIF,,45510,0,
1180,,,1180,GENTAMICIN SALEP KULIT,,7000,0,
1181,,,1181,SANGOBION TABLET,,2200,0,
1182,,,1182,acarbose 100mg,,1300,0,
1183,,,1183,AILIN TETES,,9052,0,
1184,,,1184,AILIN COOL 1OML,,17400,0,
1185,,,1185,ALLIN,,11433,0,